"Age","Est. Eligible Population","General Roll","Māori Roll","Total Enrolled","Difference","% Enrolled","electorate_name"
"18 - 24",440692,216350,36808,253158,187534,57.45,"all"
"25 - 29",314115,231396,35808,267204,46911,85.07,"all"
"30 - 34",376018,274580,37188,311768,64250,82.91,"all"
"35 - 39",382530,305214,34323,339537,42993,88.76,"all"
"40 - 44",347012,288804,28055,316859,30153,91.31,"all"
"45 - 49",314435,269406,26656,296062,18373,94.16,"all"
"50 - 54",330393,277137,26062,303199,27194,91.77,"all"
"55 - 59",319200,287266,24596,311862,7338,97.7,"all"
"60 - 64",315701,281309,21534,302843,12858,95.93,"all"
"65 - 69",276671,261874,17248,279122,-2451,100.89,"all"
"70+",634873,631666,23244,654910,-20037,103.16,"all"
"Total",4051640,3325002,311522,3636524,415116,89.75,"all"
"18 - 24",8654,3696,284,3980,4674,45.99,"Auckland Central"
"25 - 29",5805,4381,275,4656,1149,80.21,"Auckland Central"
"30 - 34",7041,5152,275,5427,1614,77.08,"Auckland Central"
"35 - 39",6009,5035,216,5251,758,87.39,"Auckland Central"
"40 - 44",4853,4292,163,4455,398,91.8,"Auckland Central"
"45 - 49",4427,3841,194,4035,392,91.15,"Auckland Central"
"50 - 54",4863,4168,219,4387,476,90.21,"Auckland Central"
"55 - 59",4443,4269,191,4460,-17,100.38,"Auckland Central"
"60 - 64",4216,3896,152,4048,168,96.02,"Auckland Central"
"65 - 69",3344,3495,95,3590,-246,107.36,"Auckland Central"
"70+",6299,6520,139,6659,-360,105.72,"Auckland Central"
"Total",59954,48745,2203,50948,9006,84.98,"Auckland Central"
"18 - 24",5137,3712,261,3973,1164,77.34,"Banks Peninsula"
"25 - 29",4073,3611,249,3860,213,94.77,"Banks Peninsula"
"30 - 34",5297,4695,275,4970,327,93.83,"Banks Peninsula"
"35 - 39",6202,5625,258,5883,319,94.86,"Banks Peninsula"
"40 - 44",5611,5037,208,5245,366,93.48,"Banks Peninsula"
"45 - 49",5318,4897,164,5061,257,95.17,"Banks Peninsula"
"50 - 54",5779,5196,155,5351,428,92.59,"Banks Peninsula"
"55 - 59",5801,5595,162,5757,44,99.24,"Banks Peninsula"
"60 - 64",5718,5466,130,5596,122,97.87,"Banks Peninsula"
"65 - 69",5061,5139,110,5249,-188,103.71,"Banks Peninsula"
"70+",10960,11294,157,11451,-491,104.48,"Banks Peninsula"
"Total",64957,60267,2129,62396,2561,96.06,"Banks Peninsula"
"18 - 24",6253,3463,168,3631,2622,58.07,"Botany"
"25 - 29",3751,3371,141,3512,239,93.63,"Botany"
"30 - 34",4206,3743,122,3865,341,91.89,"Botany"
"35 - 39",4867,4363,123,4486,381,92.17,"Botany"
"40 - 44",6042,5357,85,5442,600,90.07,"Botany"
"45 - 49",5263,5064,94,5158,105,98,"Botany"
"50 - 54",5172,4787,96,4883,289,94.41,"Botany"
"55 - 59",4720,4800,88,4888,-168,103.56,"Botany"
"60 - 64",4373,4411,58,4469,-96,102.2,"Botany"
"65 - 69",3834,3842,66,3908,-74,101.93,"Botany"
"70+",8113,9074,58,9132,-1019,112.56,"Botany"
"Total",56594,52275,1099,53374,3220,94.31,"Botany"
"18 - 24",7130,3696,301,3997,3133,56.06,"Christchurch Central"
"25 - 29",7470,5360,391,5751,1719,76.99,"Christchurch Central"
"30 - 34",8322,5859,322,6181,2141,74.27,"Christchurch Central"
"35 - 39",6893,5555,234,5789,1104,83.98,"Christchurch Central"
"40 - 44",5148,4218,196,4414,734,85.74,"Christchurch Central"
"45 - 49",4537,3827,183,4010,527,88.38,"Christchurch Central"
"50 - 54",4660,3910,202,4112,548,88.24,"Christchurch Central"
"55 - 59",4351,3933,172,4105,246,94.35,"Christchurch Central"
"60 - 64",4062,3682,132,3814,248,93.89,"Christchurch Central"
"65 - 69",3337,3200,97,3297,40,98.8,"Christchurch Central"
"70+",8031,7966,133,8099,-68,100.85,"Christchurch Central"
"Total",63941,51206,2363,53569,10372,83.78,"Christchurch Central"
"18 - 24",6833,3553,543,4096,2737,59.94,"Christchurch East"
"25 - 29",5514,4112,485,4597,917,83.37,"Christchurch East"
"30 - 34",7039,5327,576,5903,1136,83.86,"Christchurch East"
"35 - 39",6845,5553,512,6065,780,88.6,"Christchurch East"
"40 - 44",5647,4656,414,5070,577,89.78,"Christchurch East"
"45 - 49",5314,4386,391,4777,537,89.89,"Christchurch East"
"50 - 54",5593,4748,338,5086,507,90.94,"Christchurch East"
"55 - 59",5236,4788,343,5131,105,97.99,"Christchurch East"
"60 - 64",4980,4536,258,4794,186,96.27,"Christchurch East"
"65 - 69",4360,4241,173,4414,-54,101.24,"Christchurch East"
"70+",8990,9045,235,9280,-290,103.23,"Christchurch East"
"Total",66351,54945,4268,59213,7138,89.24,"Christchurch East"
"18 - 24",4128,2014,476,2490,1638,60.32,"Coromandel"
"25 - 29",2840,2027,467,2494,346,87.82,"Coromandel"
"30 - 34",3916,2583,437,3020,896,77.12,"Coromandel"
"35 - 39",4128,2938,448,3386,742,82.03,"Coromandel"
"40 - 44",3969,2938,429,3367,602,84.83,"Coromandel"
"45 - 49",4005,3166,390,3556,449,88.79,"Coromandel"
"50 - 54",4931,3767,424,4191,740,84.99,"Coromandel"
"55 - 59",5581,4706,442,5148,433,92.24,"Coromandel"
"60 - 64",6670,5707,417,6124,546,91.81,"Coromandel"
"65 - 69",7035,6524,364,6888,147,97.91,"Coromandel"
"70+",18656,18518,506,19024,-368,101.97,"Coromandel"
"Total",65859,54888,4800,59688,6171,90.63,"Coromandel"
"18 - 24",17340,8177,557,8734,8606,50.37,"Dunedin"
"25 - 29",4628,4725,333,5058,-430,109.29,"Dunedin"
"30 - 34",4304,3736,229,3965,339,92.12,"Dunedin"
"35 - 39",4289,3910,199,4109,180,95.8,"Dunedin"
"40 - 44",4016,3715,178,3893,123,96.94,"Dunedin"
"45 - 49",3805,3521,155,3676,129,96.61,"Dunedin"
"50 - 54",4106,3708,143,3851,255,93.79,"Dunedin"
"55 - 59",4049,3915,127,4042,7,99.83,"Dunedin"
"60 - 64",4009,3755,106,3861,148,96.31,"Dunedin"
"65 - 69",3653,3592,81,3673,-20,100.55,"Dunedin"
"70+",7551,7791,105,7896,-345,104.57,"Dunedin"
"Total",61750,50545,2213,52758,8992,85.44,"Dunedin"
"18 - 24",8864,2460,2874,5334,3530,60.18,"East Cape"
"25 - 29",6037,2673,2625,5298,739,87.76,"East Cape"
"30 - 34",7202,3265,3013,6278,924,87.17,"East Cape"
"35 - 39",7229,3755,2664,6419,810,88.8,"East Cape"
"40 - 44",6390,3453,2364,5817,573,91.03,"East Cape"
"45 - 49",6324,3458,2321,5779,545,91.38,"East Cape"
"50 - 54",6808,3829,2344,6173,635,90.67,"East Cape"
"55 - 59",6854,4260,2152,6412,442,93.55,"East Cape"
"60 - 64",7372,4730,1997,6727,645,91.25,"East Cape"
"65 - 69",6929,5059,1859,6918,11,99.84,"East Cape"
"70+",14835,12397,2720,15117,-282,101.9,"East Cape"
"Total",84844,49339,26933,76272,8572,89.9,"East Cape"
"18 - 24",5753,3148,117,3265,2488,56.75,"East Coast Bays"
"25 - 29",4125,3466,153,3619,506,87.73,"East Coast Bays"
"30 - 34",4966,3884,108,3992,974,80.39,"East Coast Bays"
"35 - 39",5390,4666,95,4761,629,88.33,"East Coast Bays"
"40 - 44",6287,5652,64,5716,571,90.92,"East Coast Bays"
"45 - 49",5035,4779,83,4862,173,96.56,"East Coast Bays"
"50 - 54",4828,4377,76,4453,375,92.23,"East Coast Bays"
"55 - 59",4327,4233,58,4291,36,99.17,"East Coast Bays"
"60 - 64",4177,4018,52,4070,107,97.44,"East Coast Bays"
"65 - 69",3611,3430,36,3466,145,95.98,"East Coast Bays"
"70+",7906,8107,56,8163,-257,103.25,"East Coast Bays"
"Total",56405,49760,898,50658,5747,89.81,"East Coast Bays"
"18 - 24",8239,4676,165,4841,3398,58.76,"Epsom"
"25 - 29",6239,5636,212,5848,391,93.73,"Epsom"
"30 - 34",5516,4965,156,5121,395,92.84,"Epsom"
"35 - 39",5054,4679,98,4777,277,94.52,"Epsom"
"40 - 44",4815,4521,74,4595,220,95.43,"Epsom"
"45 - 49",4500,4187,85,4272,228,94.93,"Epsom"
"50 - 54",4736,4397,88,4485,251,94.7,"Epsom"
"55 - 59",4867,4929,59,4988,-121,102.49,"Epsom"
"60 - 64",4586,4722,69,4791,-205,104.47,"Epsom"
"65 - 69",3611,3685,48,3733,-122,103.38,"Epsom"
"70+",8044,8584,57,8641,-597,107.42,"Epsom"
"Total",60207,54981,1111,56092,4115,93.17,"Epsom"
"18 - 24",6925,3014,551,3565,3360,51.48,"Glendene"
"25 - 29",5643,3833,589,4422,1221,78.36,"Glendene"
"30 - 34",7179,5543,635,6178,1001,86.06,"Glendene"
"35 - 39",7458,6260,516,6776,682,90.86,"Glendene"
"40 - 44",6238,5433,409,5842,396,93.65,"Glendene"
"45 - 49",5248,4682,418,5100,148,97.18,"Glendene"
"50 - 54",4798,4200,379,4579,219,95.44,"Glendene"
"55 - 59",4459,3929,339,4268,191,95.72,"Glendene"
"60 - 64",4091,3815,293,4108,-17,100.42,"Glendene"
"65 - 69",3336,3201,225,3426,-90,102.7,"Glendene"
"70+",6373,6557,257,6814,-441,106.92,"Glendene"
"Total",61748,50467,4611,55078,6670,89.2,"Glendene"
"18 - 24",10247,4041,1172,5213,5034,50.87,"Hamilton East"
"25 - 29",6666,4146,1037,5183,1483,77.75,"Hamilton East"
"30 - 34",6916,4693,891,5584,1332,80.74,"Hamilton East"
"35 - 39",6586,5016,837,5853,733,88.87,"Hamilton East"
"40 - 44",5937,4619,617,5236,701,88.19,"Hamilton East"
"45 - 49",5288,4356,614,4970,318,93.99,"Hamilton East"
"50 - 54",5073,4084,551,4635,438,91.37,"Hamilton East"
"55 - 59",4453,4039,450,4489,-36,100.81,"Hamilton East"
"60 - 64",3974,3425,337,3762,212,94.67,"Hamilton East"
"65 - 69",3330,3054,280,3334,-4,100.12,"Hamilton East"
"70+",7494,7310,332,7642,-148,101.97,"Hamilton East"
"Total",65964,48783,7118,55901,10063,84.74,"Hamilton East"
"18 - 24",8143,3023,1222,4245,3898,52.13,"Hamilton West"
"25 - 29",7426,4308,1294,5602,1824,75.44,"Hamilton West"
"30 - 34",8602,5521,1268,6789,1813,78.92,"Hamilton West"
"35 - 39",8215,5880,1124,7004,1211,85.26,"Hamilton West"
"40 - 44",6429,4987,964,5951,478,92.56,"Hamilton West"
"45 - 49",5295,4085,807,4892,403,92.39,"Hamilton West"
"50 - 54",4903,3809,700,4509,394,91.96,"Hamilton West"
"55 - 59",4430,3696,664,4360,70,98.42,"Hamilton West"
"60 - 64",4104,3378,534,3912,192,95.32,"Hamilton West"
"65 - 69",3642,3224,392,3616,26,99.29,"Hamilton West"
"70+",8511,8186,478,8664,-153,101.8,"Hamilton West"
"Total",69700,50097,9447,59544,10156,85.43,"Hamilton West"
"18 - 24",7526,3227,623,3850,3676,51.16,"Henderson"
"25 - 29",5895,4093,653,4746,1149,80.51,"Henderson"
"30 - 34",7100,5411,699,6110,990,86.06,"Henderson"
"35 - 39",7126,6020,639,6659,467,93.45,"Henderson"
"40 - 44",5840,5137,479,5616,224,96.16,"Henderson"
"45 - 49",4971,4392,420,4812,159,96.8,"Henderson"
"50 - 54",4704,4091,382,4473,231,95.09,"Henderson"
"55 - 59",4312,3900,346,4246,66,98.47,"Henderson"
"60 - 64",3853,3417,287,3704,149,96.13,"Henderson"
"65 - 69",3170,2966,233,3199,-29,100.91,"Henderson"
"70+",6270,6404,240,6644,-374,105.96,"Henderson"
"Total",60767,49058,5001,54059,6708,88.96,"Henderson"
"18 - 24",6345,3541,562,4103,2242,64.67,"Hutt South"
"25 - 29",5069,3850,562,4412,657,87.04,"Hutt South"
"30 - 34",6584,5081,612,5693,891,86.47,"Hutt South"
"35 - 39",7068,5767,580,6347,721,89.8,"Hutt South"
"40 - 44",6516,5609,442,6051,465,92.86,"Hutt South"
"45 - 49",5800,5219,459,5678,122,97.9,"Hutt South"
"50 - 54",5704,4959,402,5361,343,93.99,"Hutt South"
"55 - 59",5308,4925,392,5317,-9,100.17,"Hutt South"
"60 - 64",4887,4391,325,4716,171,96.5,"Hutt South"
"65 - 69",4295,4127,259,4386,-91,102.12,"Hutt South"
"70+",8778,8926,320,9246,-468,105.33,"Hutt South"
"Total",66354,56395,4915,61310,5044,92.4,"Hutt South"
"18 - 24",11846,6685,269,6954,4892,58.7,"Ilam"
"25 - 29",4865,4378,204,4582,283,94.18,"Ilam"
"30 - 34",4336,3720,196,3916,420,90.31,"Ilam"
"35 - 39",4472,3856,165,4021,451,89.92,"Ilam"
"40 - 44",4718,4015,113,4128,590,87.49,"Ilam"
"45 - 49",4478,4001,110,4111,367,91.8,"Ilam"
"50 - 54",4748,4097,100,4197,551,88.4,"Ilam"
"55 - 59",4528,4195,87,4282,246,94.57,"Ilam"
"60 - 64",4320,3999,78,4077,243,94.38,"Ilam"
"65 - 69",3799,3682,58,3740,59,98.45,"Ilam"
"70+",10360,10234,112,10346,14,99.86,"Ilam"
"Total",62470,52862,1492,54354,8116,87.01,"Ilam"
"18 - 24",5916,2794,398,3192,2724,53.96,"Invercargill"
"25 - 29",4099,2975,360,3335,764,81.36,"Invercargill"
"30 - 34",4910,3456,397,3853,1057,78.47,"Invercargill"
"35 - 39",5209,3984,350,4334,875,83.2,"Invercargill"
"40 - 44",5058,3993,359,4352,706,86.04,"Invercargill"
"45 - 49",4661,3898,344,4242,419,91.01,"Invercargill"
"50 - 54",4867,4052,290,4342,525,89.21,"Invercargill"
"55 - 59",4623,4092,257,4349,274,94.07,"Invercargill"
"60 - 64",5110,4431,214,4645,465,90.9,"Invercargill"
"65 - 69",4417,4293,183,4476,-59,101.34,"Invercargill"
"70+",9776,9440,291,9731,45,99.54,"Invercargill"
"Total",58646,47408,3443,50851,7795,86.71,"Invercargill"
"18 - 24",4321,2260,242,2502,1819,57.9,"Kaikōura"
"25 - 29",3008,2262,245,2507,501,83.34,"Kaikōura"
"30 - 34",4035,2834,264,3098,937,76.78,"Kaikōura"
"35 - 39",4536,3416,258,3674,862,81,"Kaikōura"
"40 - 44",4204,3381,234,3615,589,85.99,"Kaikōura"
"45 - 49",4111,3457,195,3652,459,88.83,"Kaikōura"
"50 - 54",4927,4030,205,4235,692,85.95,"Kaikōura"
"55 - 59",5407,4773,225,4998,409,92.44,"Kaikōura"
"60 - 64",5925,5307,194,5501,424,92.84,"Kaikōura"
"65 - 69",5591,5299,173,5472,119,97.87,"Kaikōura"
"70+",12901,12751,242,12993,-92,100.71,"Kaikōura"
"Total",58966,49770,2477,52247,6719,88.61,"Kaikōura"
"18 - 24",5026,2843,262,3105,1921,61.78,"Kaipara ki Mahurangi"
"25 - 29",3282,2848,245,3093,189,94.24,"Kaipara ki Mahurangi"
"30 - 34",4651,3517,274,3791,860,81.51,"Kaipara ki Mahurangi"
"35 - 39",5536,4435,247,4682,854,84.57,"Kaipara ki Mahurangi"
"40 - 44",5344,4520,217,4737,607,88.64,"Kaipara ki Mahurangi"
"45 - 49",4795,4206,185,4391,404,91.57,"Kaipara ki Mahurangi"
"50 - 54",5305,4404,210,4614,691,86.97,"Kaipara ki Mahurangi"
"55 - 59",5304,4869,204,5073,231,95.64,"Kaipara ki Mahurangi"
"60 - 64",5228,4758,176,4934,294,94.38,"Kaipara ki Mahurangi"
"65 - 69",4510,4507,131,4638,-128,102.84,"Kaipara ki Mahurangi"
"70+",10091,10172,190,10362,-271,102.69,"Kaipara ki Mahurangi"
"Total",59072,51079,2341,53420,5652,90.43,"Kaipara ki Mahurangi"
"18 - 24",5250,3048,487,3535,1715,67.33,"Kapiti"
"25 - 29",3401,2778,403,3181,220,93.53,"Kapiti"
"30 - 34",4397,3546,454,4000,397,90.97,"Kapiti"
"35 - 39",4852,4065,469,4534,318,93.45,"Kapiti"
"40 - 44",4961,4215,366,4581,380,92.34,"Kapiti"
"45 - 49",4824,4347,331,4678,146,96.97,"Kapiti"
"50 - 54",5723,4984,321,5305,418,92.7,"Kapiti"
"55 - 59",5787,5406,310,5716,71,98.77,"Kapiti"
"60 - 64",5959,5535,271,5806,153,97.43,"Kapiti"
"65 - 69",5224,5217,218,5435,-211,104.04,"Kapiti"
"70+",14556,14499,295,14794,-238,101.64,"Kapiti"
"Total",64934,57640,3925,61565,3369,94.81,"Kapiti"
"18 - 24",7143,3622,735,4357,2786,61,"Kenepuru"
"25 - 29",5274,4183,702,4885,389,92.62,"Kenepuru"
"30 - 34",6377,5027,769,5796,581,90.89,"Kenepuru"
"35 - 39",6548,5697,669,6366,182,97.22,"Kenepuru"
"40 - 44",6226,5537,538,6075,151,97.57,"Kenepuru"
"45 - 49",5631,5094,493,5587,44,99.22,"Kenepuru"
"50 - 54",5381,4785,525,5310,71,98.68,"Kenepuru"
"55 - 59",4991,4603,416,5019,-28,100.56,"Kenepuru"
"60 - 64",4402,4047,356,4403,-1,100.02,"Kenepuru"
"65 - 69",3432,3273,283,3556,-124,103.61,"Kenepuru"
"70+",7128,7165,345,7510,-382,105.36,"Kenepuru"
"Total",62533,53033,5831,58864,3669,94.13,"Kenepuru"
"18 - 24",9323,3334,651,3985,5338,42.74,"Māngere"
"25 - 29",6315,4548,644,5192,1123,82.22,"Māngere"
"30 - 34",6467,5416,669,6085,382,94.09,"Māngere"
"35 - 39",5859,5400,638,6038,-179,103.06,"Māngere"
"40 - 44",5307,4860,499,5359,-52,100.98,"Māngere"
"45 - 49",4540,4463,506,4969,-429,109.45,"Māngere"
"50 - 54",4359,4022,473,4495,-136,103.12,"Māngere"
"55 - 59",4192,4027,494,4521,-329,107.85,"Māngere"
"60 - 64",3590,3513,342,3855,-265,107.38,"Māngere"
"65 - 69",2911,2995,280,3275,-364,112.5,"Māngere"
"70+",5076,5402,416,5818,-742,114.62,"Māngere"
"Total",57939,47980,5612,53592,4347,92.5,"Māngere"
"18 - 24",9826,3123,946,4069,5757,41.41,"Manurewa"
"25 - 29",7574,4380,967,5347,2227,70.6,"Manurewa"
"30 - 34",8756,5915,1150,7065,1691,80.69,"Manurewa"
"35 - 39",7743,6029,1106,7135,608,92.15,"Manurewa"
"40 - 44",5862,5079,874,5953,-91,101.55,"Manurewa"
"45 - 49",4915,4284,743,5027,-112,102.28,"Manurewa"
"50 - 54",4653,3861,684,4545,108,97.68,"Manurewa"
"55 - 59",4386,3726,692,4418,-32,100.73,"Manurewa"
"60 - 64",3950,3440,585,4025,-75,101.9,"Manurewa"
"65 - 69",3037,2805,402,3207,-170,105.6,"Manurewa"
"70+",4991,4999,448,5447,-456,109.14,"Manurewa"
"Total",65693,47641,8597,56238,9455,85.61,"Manurewa"
"18 - 24",6144,3068,311,3379,2765,55,"Maungakiekie"
"25 - 29",6431,4478,428,4906,1525,76.29,"Maungakiekie"
"30 - 34",7785,5881,418,6299,1486,80.91,"Maungakiekie"
"35 - 39",7507,6415,363,6778,729,90.29,"Maungakiekie"
"40 - 44",6227,5520,242,5762,465,92.53,"Maungakiekie"
"45 - 49",5029,4703,247,4950,79,98.43,"Maungakiekie"
"50 - 54",4770,4249,250,4499,271,94.32,"Maungakiekie"
"55 - 59",4315,4030,209,4239,76,98.24,"Maungakiekie"
"60 - 64",3949,3614,186,3800,149,96.23,"Maungakiekie"
"65 - 69",3331,3228,154,3382,-51,101.53,"Maungakiekie"
"70+",8410,8206,185,8391,19,99.77,"Maungakiekie"
"Total",63898,53392,2993,56385,7513,88.24,"Maungakiekie"
"18 - 24",6550,3986,340,4326,2224,66.05,"Mt Albert"
"25 - 29",5750,4794,340,5134,616,89.29,"Mt Albert"
"30 - 34",6470,5457,347,5804,666,89.71,"Mt Albert"
"35 - 39",6134,5771,294,6065,69,98.88,"Mt Albert"
"40 - 44",5792,5352,202,5554,238,95.89,"Mt Albert"
"45 - 49",5242,5084,215,5299,-57,101.09,"Mt Albert"
"50 - 54",5057,4866,193,5059,-2,100.04,"Mt Albert"
"55 - 59",4388,4526,199,4725,-337,107.68,"Mt Albert"
"60 - 64",3849,3853,155,4008,-159,104.13,"Mt Albert"
"65 - 69",2933,3074,99,3173,-240,108.18,"Mt Albert"
"70+",6041,6366,145,6511,-470,107.78,"Mt Albert"
"Total",58206,53129,2529,55658,2548,95.62,"Mt Albert"
"18 - 24",5835,2574,690,3264,2571,55.94,"Mt Maunganui"
"25 - 29",4656,3129,645,3774,882,81.06,"Mt Maunganui"
"30 - 34",6036,3957,677,4634,1402,76.77,"Mt Maunganui"
"35 - 39",6363,4791,652,5443,920,85.54,"Mt Maunganui"
"40 - 44",5755,4605,596,5201,554,90.37,"Mt Maunganui"
"45 - 49",5075,4199,543,4742,333,93.44,"Mt Maunganui"
"50 - 54",5140,4463,472,4935,205,96.01,"Mt Maunganui"
"55 - 59",4691,4166,416,4582,109,97.68,"Mt Maunganui"
"60 - 64",4554,4217,352,4569,-15,100.33,"Mt Maunganui"
"65 - 69",4298,4087,236,4323,-25,100.58,"Mt Maunganui"
"70+",12155,12171,409,12580,-425,103.5,"Mt Maunganui"
"Total",64558,52359,5688,58047,6511,89.91,"Mt Maunganui"
"18 - 24",6737,3519,264,3783,2954,56.15,"Mt Roskill"
"25 - 29",5968,4414,258,4672,1296,78.28,"Mt Roskill"
"30 - 34",6908,5612,223,5835,1073,84.47,"Mt Roskill"
"35 - 39",6249,5888,183,6071,178,97.15,"Mt Roskill"
"40 - 44",5533,5487,129,5616,-83,101.5,"Mt Roskill"
"45 - 49",4581,4585,130,4715,-134,102.93,"Mt Roskill"
"50 - 54",4302,4259,124,4383,-81,101.88,"Mt Roskill"
"55 - 59",4111,4037,109,4146,-35,100.85,"Mt Roskill"
"60 - 64",4226,4237,104,4341,-115,102.72,"Mt Roskill"
"65 - 69",3483,3624,66,3690,-207,105.94,"Mt Roskill"
"70+",7609,8092,98,8190,-581,107.64,"Mt Roskill"
"Total",59707,53754,1688,55442,4265,92.86,"Mt Roskill"
"18 - 24",6033,2532,965,3497,2536,57.96,"Napier"
"25 - 29",4279,2907,903,3810,469,89.04,"Napier"
"30 - 34",5227,3394,1038,4432,795,84.79,"Napier"
"35 - 39",5096,3795,899,4694,402,92.11,"Napier"
"40 - 44",4839,3543,796,4339,500,89.67,"Napier"
"45 - 49",4794,3657,787,4444,350,92.7,"Napier"
"50 - 54",5586,4273,767,5040,546,90.23,"Napier"
"55 - 59",5355,4584,679,5263,92,98.28,"Napier"
"60 - 64",5725,4771,662,5433,292,94.9,"Napier"
"65 - 69",5133,4621,547,5168,-35,100.68,"Napier"
"70+",12617,12254,775,13029,-412,103.27,"Napier"
"Total",64684,50331,8818,59149,5535,91.44,"Napier"
"18 - 24",4937,2715,235,2950,1987,59.75,"Nelson"
"25 - 29",3403,2838,266,3104,299,91.21,"Nelson"
"30 - 34",4412,3366,296,3662,750,83,"Nelson"
"35 - 39",4790,3947,248,4195,595,87.58,"Nelson"
"40 - 44",4517,3855,216,4071,446,90.13,"Nelson"
"45 - 49",4422,3918,199,4117,305,93.1,"Nelson"
"50 - 54",5077,4417,201,4618,459,90.96,"Nelson"
"55 - 59",5089,4711,167,4878,211,95.85,"Nelson"
"60 - 64",5238,4859,159,5018,220,95.8,"Nelson"
"65 - 69",4780,4678,119,4797,-17,100.36,"Nelson"
"70+",12598,12786,126,12912,-314,102.49,"Nelson"
"Total",59263,52090,2232,54322,4941,91.66,"Nelson"
"18 - 24",5629,2605,557,3162,2467,56.17,"New Plymouth"
"25 - 29",4138,3047,525,3572,566,86.32,"New Plymouth"
"30 - 34",4976,3677,555,4232,744,85.05,"New Plymouth"
"35 - 39",5626,4361,558,4919,707,87.43,"New Plymouth"
"40 - 44",5326,4336,429,4765,561,89.47,"New Plymouth"
"45 - 49",5035,4321,437,4758,277,94.5,"New Plymouth"
"50 - 54",5412,4544,441,4985,427,92.11,"New Plymouth"
"55 - 59",5103,4630,423,5053,50,99.02,"New Plymouth"
"60 - 64",5218,4507,388,4895,323,93.81,"New Plymouth"
"65 - 69",5015,4806,290,5096,-81,101.62,"New Plymouth"
"70+",12108,12010,392,12402,-294,102.43,"New Plymouth"
"Total",63586,52844,4995,57839,5747,90.96,"New Plymouth"
"18 - 24",5770,3550,141,3691,2079,63.97,"North Shore"
"25 - 29",3757,3680,180,3860,-103,102.74,"North Shore"
"30 - 34",4083,3668,161,3829,254,93.78,"North Shore"
"35 - 39",4853,4260,134,4394,459,90.54,"North Shore"
"40 - 44",5406,4780,89,4869,537,90.07,"North Shore"
"45 - 49",5152,4771,92,4863,289,94.39,"North Shore"
"50 - 54",5158,4794,82,4876,282,94.53,"North Shore"
"55 - 59",4665,4690,89,4779,-114,102.44,"North Shore"
"60 - 64",4504,4425,67,4492,12,99.73,"North Shore"
"65 - 69",3817,3823,54,3877,-60,101.57,"North Shore"
"70+",9688,10259,84,10343,-655,106.76,"North Shore"
"Total",56853,52700,1173,53873,2980,94.76,"North Shore"
"18 - 24",5931,3147,287,3434,2497,57.9,"Northcote"
"25 - 29",5194,3954,325,4279,915,82.38,"Northcote"
"30 - 34",6514,5122,323,5445,1069,83.59,"Northcote"
"35 - 39",7040,6048,277,6325,715,89.84,"Northcote"
"40 - 44",6340,5922,177,6099,241,96.2,"Northcote"
"45 - 49",5196,5058,216,5274,-78,101.5,"Northcote"
"50 - 54",4901,4575,180,4755,146,97.02,"Northcote"
"55 - 59",4214,4178,175,4353,-139,103.3,"Northcote"
"60 - 64",3773,3658,114,3772,1,99.97,"Northcote"
"65 - 69",3136,3113,101,3214,-78,102.49,"Northcote"
"70+",7765,7899,109,8008,-243,103.13,"Northcote"
"Total",60004,52674,2284,54958,5046,91.59,"Northcote"
"18 - 24",6843,2195,1801,3996,2847,58.4,"Northland"
"25 - 29",4619,2191,1864,4055,564,87.79,"Northland"
"30 - 34",5704,2683,1836,4519,1185,79.23,"Northland"
"35 - 39",6151,3333,1817,5150,1001,83.73,"Northland"
"40 - 44",5539,3276,1504,4780,759,86.3,"Northland"
"45 - 49",5424,3263,1422,4685,739,86.38,"Northland"
"50 - 54",6724,4013,1613,5626,1098,83.67,"Northland"
"55 - 59",7361,4920,1613,6533,828,88.75,"Northland"
"60 - 64",8360,5774,1725,7499,861,89.7,"Northland"
"65 - 69",8141,6341,1461,7802,339,95.84,"Northland"
"70+",17178,15479,2092,17571,-393,102.29,"Northland"
"Total",82044,53468,18748,72216,9828,88.02,"Northland"
"18 - 24",8518,2874,581,3455,5063,40.56,"Ōtāhuhu"
"25 - 29",6478,4253,665,4918,1560,75.92,"Ōtāhuhu"
"30 - 34",7542,5760,693,6453,1089,85.56,"Ōtāhuhu"
"35 - 39",6574,5742,671,6413,161,97.55,"Ōtāhuhu"
"40 - 44",5057,4632,578,5210,-153,103.03,"Ōtāhuhu"
"45 - 49",4265,4095,473,4568,-303,107.1,"Ōtāhuhu"
"50 - 54",3989,3769,465,4234,-245,106.14,"Ōtāhuhu"
"55 - 59",3829,3699,473,4172,-343,108.96,"Ōtāhuhu"
"60 - 64",3538,3454,417,3871,-333,109.41,"Ōtāhuhu"
"65 - 69",2716,2760,318,3078,-362,113.33,"Ōtāhuhu"
"70+",4742,5289,361,5650,-908,119.15,"Ōtāhuhu"
"Total",57248,46327,5695,52022,5226,90.87,"Ōtāhuhu"
"18 - 24",6272,3401,191,3592,2680,57.27,"Pakuranga"
"25 - 29",3997,3416,189,3605,392,90.19,"Pakuranga"
"30 - 34",4246,3534,194,3728,518,87.8,"Pakuranga"
"35 - 39",4851,4272,180,4452,399,91.77,"Pakuranga"
"40 - 44",5752,4973,149,5122,630,89.05,"Pakuranga"
"45 - 49",5284,4952,131,5083,201,96.2,"Pakuranga"
"50 - 54",5161,4707,113,4820,341,93.39,"Pakuranga"
"55 - 59",4596,4641,93,4734,-138,103,"Pakuranga"
"60 - 64",4159,4214,78,4292,-133,103.2,"Pakuranga"
"65 - 69",3508,3498,67,3565,-57,101.62,"Pakuranga"
"70+",8760,9535,77,9612,-852,109.73,"Pakuranga"
"Total",56586,51143,1462,52605,3981,92.96,"Pakuranga"
"18 - 24",8539,3885,799,4684,3855,54.85,"Palmerston North"
"25 - 29",5963,4209,687,4896,1067,82.11,"Palmerston North"
"30 - 34",6306,4601,671,5272,1034,83.6,"Palmerston North"
"35 - 39",6023,4787,579,5366,657,89.09,"Palmerston North"
"40 - 44",5469,4327,526,4853,616,88.74,"Palmerston North"
"45 - 49",4927,4199,460,4659,268,94.56,"Palmerston North"
"50 - 54",4908,4124,429,4553,355,92.77,"Palmerston North"
"55 - 59",4561,4122,361,4483,78,98.29,"Palmerston North"
"60 - 64",4680,4110,310,4420,260,94.44,"Palmerston North"
"65 - 69",4230,3986,233,4219,11,99.74,"Palmerston North"
"70+",9808,9664,263,9927,-119,101.21,"Palmerston North"
"Total",65414,52014,5318,57332,8082,87.64,"Palmerston North"
"18 - 24",7224,2792,723,3515,3709,48.66,"Papakura"
"25 - 29",5819,3442,769,4211,1608,72.37,"Papakura"
"30 - 34",8164,5150,813,5963,2201,73.04,"Papakura"
"35 - 39",7532,5913,757,6670,862,88.56,"Papakura"
"40 - 44",5757,4856,597,5453,304,94.72,"Papakura"
"45 - 49",4678,3911,520,4431,247,94.72,"Papakura"
"50 - 54",4725,3707,519,4226,499,89.44,"Papakura"
"55 - 59",4467,3761,476,4237,230,94.85,"Papakura"
"60 - 64",4478,3745,412,4157,321,92.83,"Papakura"
"65 - 69",3283,2989,290,3279,4,99.88,"Papakura"
"70+",6683,6478,351,6829,-146,102.18,"Papakura"
"Total",62810,46744,6227,52971,9839,84.34,"Papakura"
"18 - 24",6418,3038,541,3579,2839,55.77,"Port Waikato"
"25 - 29",4406,3231,537,3768,638,85.52,"Port Waikato"
"30 - 34",6175,4155,632,4787,1388,77.52,"Port Waikato"
"35 - 39",6702,5004,594,5598,1104,83.53,"Port Waikato"
"40 - 44",5648,4484,475,4959,689,87.8,"Port Waikato"
"45 - 49",5094,4105,455,4560,534,89.52,"Port Waikato"
"50 - 54",5652,4459,469,4928,724,87.19,"Port Waikato"
"55 - 59",5646,4983,417,5400,246,95.64,"Port Waikato"
"60 - 64",5333,4701,348,5049,284,94.67,"Port Waikato"
"65 - 69",4508,4138,285,4423,85,98.11,"Port Waikato"
"70+",9973,9640,377,10017,-44,100.44,"Port Waikato"
"Total",65555,51938,5130,57068,8487,87.05,"Port Waikato"
"18 - 24",5225,2719,182,2901,2324,55.52,"Rangitata"
"25 - 29",4130,2842,227,3069,1061,74.31,"Rangitata"
"30 - 34",4997,3442,190,3632,1365,72.68,"Rangitata"
"35 - 39",5206,3824,186,4010,1196,77.03,"Rangitata"
"40 - 44",4504,3647,137,3784,720,84.01,"Rangitata"
"45 - 49",4289,3432,153,3585,704,83.59,"Rangitata"
"50 - 54",4743,3910,170,4080,663,86.02,"Rangitata"
"55 - 59",4740,4302,133,4435,305,93.57,"Rangitata"
"60 - 64",5130,4549,119,4668,462,90.99,"Rangitata"
"65 - 69",4627,4424,82,4506,121,97.38,"Rangitata"
"70+",11893,11721,150,11871,22,99.82,"Rangitata"
"Total",59484,48812,1729,50541,8943,84.97,"Rangitata"
"18 - 24",6012,2763,784,3547,2465,59,"Rangitīkei"
"25 - 29",4418,3016,709,3725,693,84.31,"Rangitīkei"
"30 - 34",5447,3681,755,4436,1011,81.44,"Rangitīkei"
"35 - 39",5520,4031,727,4758,762,86.2,"Rangitīkei"
"40 - 44",4768,3751,594,4345,423,91.13,"Rangitīkei"
"45 - 49",4490,3486,578,4064,426,90.51,"Rangitīkei"
"50 - 54",5269,4053,554,4607,662,87.44,"Rangitīkei"
"55 - 59",5908,4875,537,5412,496,91.6,"Rangitīkei"
"60 - 64",6300,5327,569,5896,404,93.59,"Rangitīkei"
"65 - 69",5719,5297,410,5707,12,99.79,"Rangitīkei"
"70+",14375,13832,621,14453,-78,100.54,"Rangitīkei"
"Total",68226,54112,6838,60950,7276,89.34,"Rangitīkei"
"18 - 24",6735,3315,600,3915,2820,58.13,"Remutaka"
"25 - 29",4860,3720,611,4331,529,89.12,"Remutaka"
"30 - 34",6523,4959,675,5634,889,86.37,"Remutaka"
"35 - 39",7036,5925,579,6504,532,92.44,"Remutaka"
"40 - 44",5994,5236,544,5780,214,96.43,"Remutaka"
"45 - 49",5204,4574,498,5072,132,97.46,"Remutaka"
"50 - 54",5455,4670,448,5118,337,93.82,"Remutaka"
"55 - 59",5024,4692,396,5088,-64,101.27,"Remutaka"
"60 - 64",4780,4291,323,4614,166,96.53,"Remutaka"
"65 - 69",4086,3955,277,4232,-146,103.57,"Remutaka"
"70+",9129,8951,315,9266,-137,101.5,"Remutaka"
"Total",64826,54288,5266,59554,5272,91.87,"Remutaka"
"18 - 24",7469,2385,1645,4030,3439,53.96,"Rotorua"
"25 - 29",5630,2986,1737,4723,907,83.89,"Rotorua"
"30 - 34",6653,3581,1826,5407,1246,81.27,"Rotorua"
"35 - 39",6662,4104,1798,5902,760,88.59,"Rotorua"
"40 - 44",5646,3724,1404,5128,518,90.83,"Rotorua"
"45 - 49",5430,3618,1350,4968,462,91.49,"Rotorua"
"50 - 54",5967,3985,1327,5312,655,89.02,"Rotorua"
"55 - 59",5756,4203,1325,5528,228,96.04,"Rotorua"
"60 - 64",5986,4436,1089,5525,461,92.3,"Rotorua"
"65 - 69",5129,4145,951,5096,33,99.36,"Rotorua"
"70+",10699,9738,1179,10917,-218,102.04,"Rotorua"
"Total",71027,46905,15631,62536,8491,88.05,"Rotorua"
"18 - 24",6123,3776,201,3977,2146,64.95,"Selwyn"
"25 - 29",3864,3088,168,3256,608,84.27,"Selwyn"
"30 - 34",5815,4254,193,4447,1368,76.47,"Selwyn"
"35 - 39",6713,5465,185,5650,1063,84.17,"Selwyn"
"40 - 44",6032,5172,131,5303,729,87.91,"Selwyn"
"45 - 49",5138,4668,118,4786,352,93.15,"Selwyn"
"50 - 54",5504,4784,122,4906,598,89.14,"Selwyn"
"55 - 59",4899,4774,119,4893,6,99.88,"Selwyn"
"60 - 64",4474,4287,75,4362,112,97.5,"Selwyn"
"65 - 69",3792,3725,64,3789,3,99.92,"Selwyn"
"70+",6747,7071,56,7127,-380,105.63,"Selwyn"
"Total",59101,51064,1432,52496,6605,88.82,"Selwyn"
"18 - 24",4517,2385,156,2541,1976,56.25,"Southland"
"25 - 29",4239,2621,186,2807,1432,66.22,"Southland"
"30 - 34",6333,3815,195,4010,2323,63.32,"Southland"
"35 - 39",6298,4316,187,4503,1795,71.5,"Southland"
"40 - 44",5261,4326,169,4495,766,85.44,"Southland"
"45 - 49",4649,3984,132,4116,533,88.54,"Southland"
"50 - 54",4775,4134,131,4265,510,89.32,"Southland"
"55 - 59",4568,4220,136,4356,212,95.36,"Southland"
"60 - 64",4750,4272,116,4388,362,92.38,"Southland"
"65 - 69",4362,4103,99,4202,160,96.33,"Southland"
"70+",9105,9184,103,9287,-182,102,"Southland"
"Total",58857,47360,1610,48970,9887,83.2,"Southland"
"18 - 24",5424,3210,316,3526,1898,65.01,"Taieri"
"25 - 29",4117,3473,294,3767,350,91.5,"Taieri"
"30 - 34",4691,3826,241,4067,624,86.7,"Taieri"
"35 - 39",4768,4025,228,4253,515,89.2,"Taieri"
"40 - 44",4385,3900,209,4109,276,93.71,"Taieri"
"45 - 49",4278,3839,213,4052,226,94.72,"Taieri"
"50 - 54",4843,4261,180,4441,402,91.7,"Taieri"
"55 - 59",4893,4509,160,4669,224,95.42,"Taieri"
"60 - 64",4969,4579,146,4725,244,95.09,"Taieri"
"65 - 69",4509,4459,115,4574,-65,101.44,"Taieri"
"70+",11273,11185,157,11342,-69,100.61,"Taieri"
"Total",58150,51266,2259,53525,4625,92.05,"Taieri"
"18 - 24",6828,2807,531,3338,3490,48.89,"Takanini"
"25 - 29",5910,3589,507,4096,1814,69.31,"Takanini"
"30 - 34",8051,5302,592,5894,2157,73.21,"Takanini"
"35 - 39",7832,6236,540,6776,1056,86.52,"Takanini"
"40 - 44",6397,5434,378,5812,585,90.86,"Takanini"
"45 - 49",5018,4302,376,4678,340,93.22,"Takanini"
"50 - 54",4398,3583,384,3967,431,90.2,"Takanini"
"55 - 59",3938,3424,332,3756,182,95.38,"Takanini"
"60 - 64",3693,3124,238,3362,331,91.04,"Takanini"
"65 - 69",2997,2769,182,2951,46,98.47,"Takanini"
"70+",5870,5876,196,6072,-202,103.44,"Takanini"
"Total",60932,46446,4256,50702,10230,83.21,"Takanini"
"18 - 24",6066,3985,367,4352,1714,71.74,"Tāmaki"
"25 - 29",4323,3959,324,4283,40,99.07,"Tāmaki"
"30 - 34",4630,4193,325,4518,112,97.58,"Tāmaki"
"35 - 39",5088,4581,285,4866,222,95.64,"Tāmaki"
"40 - 44",5342,4832,238,5070,272,94.91,"Tāmaki"
"45 - 49",5252,5002,232,5234,18,99.66,"Tāmaki"
"50 - 54",5522,5123,223,5346,176,96.81,"Tāmaki"
"55 - 59",4853,4993,220,5213,-360,107.42,"Tāmaki"
"60 - 64",4359,4360,144,4504,-145,103.33,"Tāmaki"
"65 - 69",3630,3651,139,3790,-160,104.41,"Tāmaki"
"70+",9155,9745,211,9956,-801,108.75,"Tāmaki"
"Total",58220,54424,2708,57132,1088,98.13,"Tāmaki"
"18 - 24",6326,2948,828,3776,2550,59.69,"Taranaki-King Country"
"25 - 29",4268,2824,826,3650,618,85.52,"Taranaki-King Country"
"30 - 34",5447,3640,813,4453,994,81.75,"Taranaki-King Country"
"35 - 39",6038,4233,825,5058,980,83.77,"Taranaki-King Country"
"40 - 44",5715,4220,698,4918,797,86.05,"Taranaki-King Country"
"45 - 49",5283,4005,703,4708,575,89.12,"Taranaki-King Country"
"50 - 54",5638,4262,711,4973,665,88.21,"Taranaki-King Country"
"55 - 59",5732,4688,662,5350,382,93.34,"Taranaki-King Country"
"60 - 64",6007,4842,665,5507,500,91.68,"Taranaki-King Country"
"65 - 69",5482,4793,547,5340,142,97.41,"Taranaki-King Country"
"70+",11087,10428,807,11235,-148,101.33,"Taranaki-King Country"
"Total",67023,50883,8085,58968,8055,87.98,"Taranaki-King Country"
"18 - 24",6444,2656,966,3622,2822,56.21,"Taupō"
"25 - 29",4789,2938,903,3841,948,80.2,"Taupō"
"30 - 34",5683,3642,984,4626,1057,81.4,"Taupō"
"35 - 39",5835,3982,919,4901,934,83.99,"Taupō"
"40 - 44",5347,3821,788,4609,738,86.2,"Taupō"
"45 - 49",5076,3786,781,4567,509,89.97,"Taupō"
"50 - 54",5922,4362,790,5152,770,87,"Taupō"
"55 - 59",5954,4925,718,5643,311,94.78,"Taupō"
"60 - 64",6130,5115,631,5746,384,93.74,"Taupō"
"65 - 69",5537,5106,559,5665,-128,102.31,"Taupō"
"70+",13722,13349,703,14052,-330,102.4,"Taupō"
"Total",70439,53682,8742,62424,8015,88.62,"Taupō"
"18 - 24",5838,2761,558,3319,2519,56.85,"Tauranga"
"25 - 29",4317,3114,505,3619,698,83.83,"Tauranga"
"30 - 34",5297,3638,570,4208,1089,79.44,"Tauranga"
"35 - 39",5735,4306,519,4825,910,84.13,"Tauranga"
"40 - 44",5283,4285,428,4713,570,89.21,"Tauranga"
"45 - 49",4769,3988,398,4386,383,91.97,"Tauranga"
"50 - 54",5085,4237,371,4608,477,90.62,"Tauranga"
"55 - 59",4961,4514,354,4868,93,98.13,"Tauranga"
"60 - 64",4732,4165,331,4496,236,95.01,"Tauranga"
"65 - 69",4290,4007,242,4249,41,99.04,"Tauranga"
"70+",12742,12623,297,12920,-178,101.4,"Tauranga"
"Total",63049,51638,4573,56211,6838,89.15,"Tauranga"
"18 - 24",6240,2768,1003,3771,2469,60.43,"Tukituki"
"25 - 29",4340,2985,1011,3996,344,92.07,"Tukituki"
"30 - 34",5133,3400,1110,4510,623,87.86,"Tukituki"
"35 - 39",5336,3843,1089,4932,404,92.43,"Tukituki"
"40 - 44",4878,3503,904,4407,471,90.34,"Tukituki"
"45 - 49",4753,3673,785,4458,295,93.79,"Tukituki"
"50 - 54",5348,4100,817,4917,431,91.94,"Tukituki"
"55 - 59",5097,4320,711,5031,66,98.71,"Tukituki"
"60 - 64",5311,4450,631,5081,230,95.67,"Tukituki"
"65 - 69",4680,4204,494,4698,-18,100.38,"Tukituki"
"70+",11199,10841,717,11558,-359,103.21,"Tukituki"
"Total",62315,48087,9272,57359,4956,92.05,"Tukituki"
"18 - 24",5438,2931,210,3141,2297,57.76,"Upper Harbour"
"25 - 29",4911,3836,245,4081,830,83.1,"Upper Harbour"
"30 - 34",6914,4977,236,5213,1701,75.4,"Upper Harbour"
"35 - 39",7409,6363,218,6581,828,88.82,"Upper Harbour"
"40 - 44",6674,5984,146,6130,544,91.85,"Upper Harbour"
"45 - 49",4599,4465,152,4617,-18,100.39,"Upper Harbour"
"50 - 54",4362,3801,128,3929,433,90.07,"Upper Harbour"
"55 - 59",4064,3979,109,4088,-24,100.59,"Upper Harbour"
"60 - 64",3830,3630,109,3739,91,97.62,"Upper Harbour"
"65 - 69",3147,3097,66,3163,-16,100.51,"Upper Harbour"
"70+",6508,6732,83,6815,-307,104.72,"Upper Harbour"
"Total",57856,49795,1702,51497,6359,89.01,"Upper Harbour"
"18 - 24",7052,3293,933,4226,2826,59.93,"Waikato"
"25 - 29",4600,3000,769,3769,831,81.93,"Waikato"
"30 - 34",5694,3666,824,4490,1204,78.85,"Waikato"
"35 - 39",5907,4201,826,5027,880,85.1,"Waikato"
"40 - 44",5556,4245,663,4908,648,88.34,"Waikato"
"45 - 49",5289,3934,734,4668,621,88.26,"Waikato"
"50 - 54",5689,4412,660,5072,617,89.15,"Waikato"
"55 - 59",5638,4657,604,5261,377,93.31,"Waikato"
"60 - 64",5460,4565,545,5110,350,93.59,"Waikato"
"65 - 69",4912,4466,381,4847,65,98.68,"Waikato"
"70+",11566,11261,560,11821,-255,102.2,"Waikato"
"Total",67363,51700,7499,59199,8164,87.88,"Waikato"
"18 - 24",5626,3514,250,3764,1862,66.9,"Waimakariri"
"25 - 29",3891,3465,215,3680,211,94.58,"Waimakariri"
"30 - 34",4940,3970,218,4188,752,84.78,"Waimakariri"
"35 - 39",5119,4377,204,4581,538,89.49,"Waimakariri"
"40 - 44",4668,4085,129,4214,454,90.27,"Waimakariri"
"45 - 49",4548,4034,171,4205,343,92.46,"Waimakariri"
"50 - 54",5487,4782,151,4933,554,89.9,"Waimakariri"
"55 - 59",6016,5563,164,5727,289,95.2,"Waimakariri"
"60 - 64",5792,5538,107,5645,147,97.46,"Waimakariri"
"65 - 69",5224,5323,91,5414,-190,103.64,"Waimakariri"
"70+",13469,13629,160,13789,-320,102.38,"Waimakariri"
"Total",64780,58280,1860,60140,4640,92.84,"Waimakariri"
"18 - 24",5419,2906,605,3511,1908,64.79,"Wairarapa"
"25 - 29",3859,2865,641,3506,353,90.85,"Wairarapa"
"30 - 34",4947,3596,571,4167,780,84.23,"Wairarapa"
"35 - 39",5032,4010,607,4617,415,91.75,"Wairarapa"
"40 - 44",4858,3865,468,4333,525,89.19,"Wairarapa"
"45 - 49",4720,3986,471,4457,263,94.43,"Wairarapa"
"50 - 54",5497,4511,456,4967,530,90.36,"Wairarapa"
"55 - 59",5748,5099,425,5524,224,96.1,"Wairarapa"
"60 - 64",6253,5386,425,5811,442,92.93,"Wairarapa"
"65 - 69",5925,5628,347,5975,-50,100.84,"Wairarapa"
"70+",13994,13994,419,14413,-419,102.99,"Wairarapa"
"Total",66252,55846,5435,61281,4971,92.5,"Wairarapa"
"18 - 24",6125,3504,379,3883,2242,63.4,"Waitākere"
"25 - 29",4182,3334,371,3705,477,88.59,"Waitākere"
"30 - 34",5309,4157,448,4605,704,86.74,"Waitākere"
"35 - 39",5925,5059,363,5422,503,91.51,"Waitākere"
"40 - 44",5782,5210,268,5478,304,94.74,"Waitākere"
"45 - 49",5489,5066,258,5324,165,96.99,"Waitākere"
"50 - 54",5387,5025,247,5272,115,97.87,"Waitākere"
"55 - 59",5028,4793,265,5058,-30,100.6,"Waitākere"
"60 - 64",4527,4269,213,4482,45,99.01,"Waitākere"
"65 - 69",3444,3454,161,3615,-171,104.97,"Waitākere"
"70+",7113,7561,152,7713,-600,108.44,"Waitākere"
"Total",58311,51432,3125,54557,3754,93.56,"Waitākere"
"18 - 24",4316,2612,131,2743,1573,63.55,"Waitaki"
"25 - 29",3706,2681,154,2835,871,76.5,"Waitaki"
"30 - 34",5123,3547,151,3698,1425,72.18,"Waitaki"
"35 - 39",5544,4076,158,4234,1310,76.37,"Waitaki"
"40 - 44",4795,3818,126,3944,851,82.25,"Waitaki"
"45 - 49",4618,3939,104,4043,575,87.55,"Waitaki"
"50 - 54",5191,4403,96,4499,692,86.67,"Waitaki"
"55 - 59",5157,4713,122,4835,322,93.76,"Waitaki"
"60 - 64",5753,5247,113,5360,393,93.17,"Waitaki"
"65 - 69",5458,5309,63,5372,86,98.42,"Waitaki"
"70+",12502,12419,125,12544,-42,100.34,"Waitaki"
"Total",62163,52764,1343,54107,8056,87.04,"Waitaki"
"18 - 24",9470,6170,547,6717,2753,70.93,"Wellington Bays"
"25 - 29",7473,6716,524,7240,233,96.88,"Wellington Bays"
"30 - 34",7252,6309,429,6738,514,92.91,"Wellington Bays"
"35 - 39",6438,5953,268,6221,217,96.63,"Wellington Bays"
"40 - 44",5487,5165,234,5399,88,98.4,"Wellington Bays"
"45 - 49",5350,5065,239,5304,46,99.14,"Wellington Bays"
"50 - 54",5409,5142,255,5397,12,99.78,"Wellington Bays"
"55 - 59",4936,4822,237,5059,-123,102.49,"Wellington Bays"
"60 - 64",4698,4570,207,4777,-79,101.68,"Wellington Bays"
"65 - 69",3348,3451,145,3596,-248,107.41,"Wellington Bays"
"70+",6867,7144,164,7308,-441,106.42,"Wellington Bays"
"Total",66728,60507,3249,63756,2972,95.55,"Wellington Bays"
"18 - 24",12923,8747,565,9312,3611,72.06,"Wellington North"
"25 - 29",7888,7431,404,7835,53,99.33,"Wellington North"
"30 - 34",6910,6361,251,6612,298,95.69,"Wellington North"
"35 - 39",5793,5438,198,5636,157,97.29,"Wellington North"
"40 - 44",5253,4911,148,5059,194,96.31,"Wellington North"
"45 - 49",5157,4987,149,5136,21,99.59,"Wellington North"
"50 - 54",5518,5148,181,5329,189,96.57,"Wellington North"
"55 - 59",4811,4840,149,4989,-178,103.7,"Wellington North"
"60 - 64",4278,4227,97,4324,-46,101.08,"Wellington North"
"65 - 69",3388,3476,61,3537,-149,104.4,"Wellington North"
"70+",6988,7237,75,7312,-324,104.64,"Wellington North"
"Total",68907,62803,2278,65081,3826,94.45,"Wellington North"
"18 - 24",4227,2346,151,2497,1730,59.07,"West Coast-Tasman"
"25 - 29",2771,2238,171,2409,362,86.94,"West Coast-Tasman"
"30 - 34",3874,2782,221,3003,871,77.52,"West Coast-Tasman"
"35 - 39",4182,3317,207,3524,658,84.27,"West Coast-Tasman"
"40 - 44",4069,3313,179,3492,577,85.82,"West Coast-Tasman"
"45 - 49",4293,3527,161,3688,605,85.91,"West Coast-Tasman"
"50 - 54",5324,4425,164,4589,735,86.19,"West Coast-Tasman"
"55 - 59",5755,5114,208,5322,433,92.48,"West Coast-Tasman"
"60 - 64",6357,5572,194,5766,591,90.7,"West Coast-Tasman"
"65 - 69",5816,5630,154,5784,32,99.45,"West Coast-Tasman"
"70+",12297,12267,191,12458,-161,101.31,"West Coast-Tasman"
"Total",58965,50531,2001,52532,6433,89.09,"West Coast-Tasman"
"18 - 24",6424,2619,867,3486,2938,54.27,"Whanganui"
"25 - 29",4485,2893,844,3737,748,83.32,"Whanganui"
"30 - 34",5491,3583,985,4568,923,83.19,"Whanganui"
"35 - 39",5735,3919,952,4871,864,84.93,"Whanganui"
"40 - 44",5121,3684,806,4490,631,87.68,"Whanganui"
"45 - 49",4903,3581,719,4300,603,87.7,"Whanganui"
"50 - 54",5648,4168,765,4933,715,87.34,"Whanganui"
"55 - 59",5811,4582,779,5361,450,92.26,"Whanganui"
"60 - 64",6234,4985,629,5614,620,90.05,"Whanganui"
"65 - 69",5613,5101,475,5576,37,99.34,"Whanganui"
"70+",13418,12740,826,13566,-148,101.1,"Whanganui"
"Total",68883,51855,8647,60502,8381,87.83,"Whanganui"
"18 - 24",5123,2993,147,3140,1983,61.29,"Whangaparāoa"
"25 - 29",2913,2910,153,3063,-150,105.15,"Whangaparāoa"
"30 - 34",3747,3124,144,3268,479,87.22,"Whangaparāoa"
"35 - 39",4887,3935,142,4077,810,83.43,"Whangaparāoa"
"40 - 44",5379,4587,132,4719,660,87.73,"Whangaparāoa"
"45 - 49",4853,4385,139,4524,329,93.22,"Whangaparāoa"
"50 - 54",5056,4482,121,4603,453,91.04,"Whangaparāoa"
"55 - 59",4814,4749,125,4874,-60,101.25,"Whangaparāoa"
"60 - 64",4449,4350,81,4431,18,99.6,"Whangaparāoa"
"65 - 69",4172,4166,69,4235,-63,101.51,"Whangaparāoa"
"70+",11730,11933,86,12019,-289,102.46,"Whangaparāoa"
"Total",57123,51614,1339,52953,4170,92.7,"Whangaparāoa"
"18 - 24",6542,2528,1284,3812,2730,58.27,"Whangārei"
"25 - 29",4561,2753,1210,3963,598,86.89,"Whangārei"
"30 - 34",5688,3379,1283,4662,1026,81.96,"Whangārei"
"35 - 39",6213,4071,1178,5249,964,84.48,"Whangārei"
"40 - 44",5520,4066,946,5012,508,90.8,"Whangārei"
"45 - 49",4980,3601,860,4461,519,89.58,"Whangārei"
"50 - 54",5635,4088,847,4935,700,87.58,"Whangārei"
"55 - 59",6055,4908,864,5772,283,95.33,"Whangārei"
"60 - 64",6356,5147,767,5914,442,93.05,"Whangārei"
"65 - 69",6027,5269,618,5887,140,97.68,"Whangārei"
"70+",14634,14186,774,14960,-326,102.23,"Whangārei"
"Total",72211,53996,10631,64627,7584,89.5,"Whangārei"
"18 - 24",9212,4678,310,4988,4224,54.15,"Wigram"
"25 - 29",5813,4192,282,4474,1339,76.97,"Wigram"
"30 - 34",6762,4850,290,5140,1622,76.01,"Wigram"
"35 - 39",6674,5393,284,5677,997,85.06,"Wigram"
"40 - 44",5923,4848,197,5045,878,85.18,"Wigram"
"45 - 49",4724,4048,170,4218,506,89.29,"Wigram"
"50 - 54",4538,3802,138,3940,598,86.82,"Wigram"
"55 - 59",4244,3722,173,3895,349,91.78,"Wigram"
"60 - 64",3953,3508,130,3638,315,92.03,"Wigram"
"65 - 69",3576,3250,90,3340,236,93.4,"Wigram"
"70+",8966,8550,141,8691,275,96.93,"Wigram"
"Total",64385,50841,2205,53046,11339,82.39,"Wigram"
